{"0": -14.012617111206055, "1": -13.525773048400879, "2": -13.762374877929688, "3": -15.819075584411621, "4": -9.171152114868164, "5": -18.13870620727539, "6": -11.897073745727539, "7": -13.885116577148438, "8": -11.462039947509766, "9": -16.343591690063477, "10": -9.683333396911621, "11": -11.12199592590332, "12": -9.101438522338867, "13": -13.07775592803955, "14": -10.845008850097656, "15": -11.794371604919434, "16": -13.66563606262207, "17": -12.29844856262207, "18": -9.038298606872559, "19": -11.120234489440918, "20": -11.641016006469727, "21": -13.780313491821289, "22": -16.814294815063477, "23": -16.471328735351562, "24": -6.097829818725586, "25": -11.997299194335938, "26": -11.987481117248535, "27": -12.590702056884766, "28": -11.533658027648926, "30": -9.897887229919434, "33": -14.316666603088379, "35": -16.17738151550293, "36": -10.814516067504883, "38": -13.329800605773926, "39": -11.855478286743164, "-1": -12.261337280273438}