{"0": 2.663973808288574, "1": 2.0667848587036133, "2": 1.1030418872833252, "3": -1.206337332725525, "4": 4.741179943084717, "5": 1.6009862422943115, "6": 4.488143444061279, "7": 1.787665605545044, "8": 2.992973566055298, "9": 1.2496765851974487, "10": 4.456808567047119, "11": 2.766998052597046, "12": 3.7648580074310303, "13": 2.7972145080566406, "14": 2.5479960441589355, "15": 1.0621165037155151, "16": 0.5233672261238098, "17": 2.654843807220459, "18": 6.504822731018066, "19": 2.760991334915161, "20": 2.5225601196289062, "21": 2.0029959678649902, "22": 0.30673277378082275, "23": 1.22731351852417, "24": 7.394965171813965, "25": 3.965553045272827, "26": 3.764923572540283, "27": 2.312140464782715, "28": 3.2493035793304443, "30": 4.353652000427246, "33": 1.0751681327819824, "35": 0.5367749929428101, "36": 1.9810144901275635, "38": 1.8009653091430664, "39": 1.0158019065856934, "-1": 2.57242751121521}