{"0": -4.286350727081299, "1": -6.203738689422607, "2": -3.4252281188964844, "3": -2.804013729095459, "4": -0.9965829849243164, "5": -0.8593028783798218, "6": -1.2383285760879517, "7": 0.5873433351516724, "8": -0.6278307437896729, "9": -3.9326047897338867, "10": -5.307635307312012, "11": -3.6906652450561523, "12": 9.027037620544434, "13": -3.4245963096618652, "14": 5.369427680969238, "15": 2.717975378036499, "16": -2.9676029682159424, "17": 2.3394510746002197, "18": -1.0525579452514648, "19": -3.5024123191833496, "20": -0.15333425998687744, "21": 1.2489609718322754, "22": -5.5825581550598145, "23": 1.0041357278823853, "24": -5.762083053588867, "25": -2.1623053550720215, "26": -4.21554708480835, "27": -0.20663589239120483, "28": -2.2320303916931152, "29": -3.8831377029418945, "30": -1.2227098941802979, "31": -6.014812469482422, "32": -0.42185330390930176, "33": 0.11047172546386719, "34": -1.0743861198425293, "35": -4.410855770111084, "36": 1.6606147289276123, "37": -3.158910036087036, "38": -5.7623677253723145, "39": -0.16339518129825592, "40": -0.8439027070999146, "41": 4.12677001953125, "42": -3.514652729034424, "43": -6.948201656341553, "44": -5.405322551727295, "45": 2.4306559562683105, "46": 1.0336750745773315, "47": 2.5743699073791504, "48": 2.9676156044006348, "49": 2.7199692726135254, "50": 6.283234596252441, "51": 3.167009115219116, "52": -11.146821975708008, "53": 2.3244919776916504, "54": 4.529601573944092, "55": -3.163440465927124, "56": 4.903148651123047, "57": 5.315392971038818, "58": -2.815786361694336, "59": 2.846550703048706, "64": -2.259707450866699, "68": 5.7836527824401855, "-1": -0.871472954750061}