{"0": -9.46650218963623, "1": -13.938461303710938, "2": -13.106825828552246, "3": -8.442601203918457, "4": -12.788393020629883, "5": -10.867636680603027, "6": -19.926803588867188, "7": -22.350786209106445, "8": -10.372479438781738, "9": -11.212111473083496, "10": -6.699530601501465, "11": -11.802353858947754, "12": -10.823558807373047, "13": -7.017914772033691, "14": -12.244976997375488, "15": -16.41167449951172, "16": -11.536822319030762, "17": -5.104277610778809, "18": -14.552580833435059, "19": -11.71401309967041, "20": -8.338881492614746, "21": -12.00263500213623, "22": -6.568924903869629, "23": -3.915753126144409, "24": -12.964434623718262, "25": -12.231038093566895, "26": -10.339195251464844, "27": -10.14025592803955, "28": -5.8847270011901855, "29": -3.1323835849761963, "30": -4.847874164581299, "31": -4.026261329650879, "32": -12.498783111572266, "33": -3.5001094341278076, "34": -10.516318321228027, "35": -10.786697387695312, "36": -6.384618282318115, "37": -16.534387588500977, "38": -8.646402359008789, "39": -7.0390424728393555, "40": -9.17384147644043, "41": -12.211085319519043, "42": -10.812297821044922, "43": -8.582955360412598, "45": -8.210034370422363, "-1": -9.197113037109375}