{"0": -32.79530334472656, "1": -31.126474380493164, "2": -44.94562530517578, "3": -27.846660614013672, "4": -30.484609603881836, "5": -27.2021541595459, "6": -30.611194610595703, "7": -26.334266662597656, "8": -27.087066650390625, "9": -42.43217468261719, "10": -31.604930877685547, "11": -34.51503372192383, "12": -19.43276023864746, "13": -28.452362060546875, "14": -24.982419967651367, "15": -19.794551849365234, "16": -26.686704635620117, "17": -23.53969383239746, "18": -25.10664176940918, "19": -30.359943389892578, "20": -26.69734001159668, "21": -19.881366729736328, "22": -27.815128326416016, "23": -32.632469177246094, "24": -30.76897430419922, "25": -32.038177490234375, "26": -28.44549560546875, "27": -25.342872619628906, "28": -35.124847412109375, "29": -31.490903854370117, "30": -25.78708839416504, "31": -28.258312225341797, "32": -26.920011520385742, "33": -32.21249771118164, "34": -24.699615478515625, "35": -27.23537826538086, "36": -20.668174743652344, "37": -29.160476684570312, "38": -25.704008102416992, "39": -26.223384857177734, "40": -24.621013641357422, "41": -24.061582565307617, "42": -23.395915985107422, "43": -24.268651962280273, "44": -30.341041564941406, "45": -26.092443466186523, "46": -27.32929229736328, "47": -29.336353302001953, "48": -25.5366268157959, "49": -26.211532592773438, "50": -30.937009811401367, "51": -22.705087661743164, "52": -23.771717071533203, "53": -19.588336944580078, "54": -23.88356590270996, "55": -25.00471305847168, "56": -28.14475440979004, "57": -24.677831649780273, "58": -17.083349227905273, "59": -24.372209548950195, "64": -21.54706573486328, "68": -23.050029754638672, "-1": -28.723949432373047}