{"0": 7.952319145202637, "1": 9.027275085449219, "2": 2.5787100791931152, "3": 1.179699182510376, "4": 9.935249328613281, "5": 3.9861819744110107, "6": 11.933313369750977, "7": 7.395313739776611, "8": 9.534814834594727, "9": 7.913104057312012, "10": 10.64684009552002, "11": 13.51523494720459, "12": 10.917899131774902, "13": 8.466628074645996, "14": 9.148951530456543, "15": 6.491398811340332, "16": 5.716194152832031, "17": 10.470327377319336, "18": 9.937949180603027, "19": 12.947101593017578, "20": 11.13745403289795, "21": 8.539463996887207, "22": 4.43988561630249, "23": 2.3452231884002686, "24": 12.624921798706055, "25": 11.484743118286133, "26": 11.87198257446289, "27": 7.438938617706299, "28": 9.804706573486328, "30": 11.792678833007812, "33": 5.348041534423828, "35": -1.9411245584487915, "36": 8.874262809753418, "38": 6.964451789855957, "39": 6.356449127197266, "-1": 7.39439582824707}