{"0": -36.86830520629883, "1": -37.154029846191406, "2": -30.943580627441406, "3": -46.42300033569336, "4": -37.38972854614258, "5": -40.572303771972656, "6": -35.24224853515625, "7": -33.47188186645508, "8": -36.936676025390625, "9": -28.592777252197266, "10": -37.8536262512207, "11": -32.62989044189453, "12": -39.085838317871094, "13": -43.73359298706055, "14": -34.59745407104492, "15": -50.81613540649414, "16": -43.888423919677734, "17": -40.34773635864258, "18": -41.406185150146484, "19": -41.27836990356445, "20": -39.53266143798828, "21": -49.10163879394531, "22": -44.17313766479492, "23": -24.45195960998535, "24": -42.52723693847656, "25": -34.80996322631836, "26": -39.40523147583008, "27": -36.28482437133789, "28": -32.56559753417969, "29": -43.43484878540039, "30": -41.77287673950195, "31": -36.814571380615234, "32": -35.08017349243164, "33": -27.348432540893555, "34": -33.84414291381836, "35": -41.71067428588867, "36": -54.50005340576172, "37": -36.81279373168945, "38": -39.37401580810547, "39": -41.244258880615234, "40": -55.91027069091797, "41": -26.30525779724121, "42": -59.744449615478516, "43": -46.276546478271484, "44": -27.377662658691406, "45": -40.45556640625, "46": -30.33489990234375, "47": -24.38728904724121, "48": -40.05451583862305, "49": -37.09694290161133, "50": -22.487581253051758, "51": -27.88636589050293, "52": -54.67263412475586, "53": -56.684200286865234, "54": -28.986251831054688, "55": -42.81438446044922, "56": -29.905466079711914, "57": -41.88555145263672, "58": -47.76742172241211, "59": -25.694475173950195, "64": -23.745912551879883, "68": -19.681716918945312, "-1": -34.63953399658203}