{"0": 5.118093490600586, "1": -0.5072619318962097, "2": -3.1818628311157227, "3": 4.992023468017578, "4": 2.775056838989258, "5": 3.969327926635742, "6": -0.19515125453472137, "7": 3.2213172912597656, "8": 3.992595672607422, "9": 3.9707179069519043, "10": 4.69992733001709, "11": 4.113509178161621, "12": 3.591757297515869, "13": 4.16209602355957, "14": 3.3379809856414795, "15": -1.126328468322754, "16": 2.627488851547241, "17": 5.128600120544434, "18": 3.9902291297912598, "19": 5.688419342041016, "20": 3.6905667781829834, "21": 1.4876214265823364, "22": 4.133864879608154, "23": 4.987310886383057, "24": 2.914959669113159, "25": 3.633721113204956, "26": 4.264082908630371, "27": 2.9373340606689453, "28": 3.805079936981201, "29": 6.020047187805176, "30": 3.139124870300293, "31": 8.989988327026367, "32": 3.6405110359191895, "33": 3.963536024093628, "34": 7.107031345367432, "35": 4.922834396362305, "36": 4.727463245391846, "37": 1.2631962299346924, "38": 5.013126850128174, "39": 5.190569877624512, "40": 4.879903316497803, "41": 2.713822841644287, "42": 3.3988449573516846, "43": -0.0821075439453125, "45": 5.023540496826172, "-1": 3.598043203353882}