{"0": 8.587769508361816, "1": 1.6237730979919434, "2": -0.7729236483573914, "3": 10.934733390808105, "4": 6.692553997039795, "5": 9.504274368286133, "6": -4.666103363037109, "7": 3.132979154586792, "8": 8.206830978393555, "9": 8.537936210632324, "10": 9.535136222839355, "11": 10.182299613952637, "12": 9.789719581604004, "13": 12.426315307617188, "14": 7.806021690368652, "15": -0.8857427835464478, "16": 6.304764747619629, "17": 10.049812316894531, "18": 11.305015563964844, "19": 15.046783447265625, "20": 7.641563892364502, "21": -0.6400392055511475, "22": 11.64499282836914, "23": 12.232966423034668, "24": 7.014265060424805, "25": 5.729212760925293, "26": 10.512563705444336, "27": 6.506752014160156, "28": 13.517163276672363, "29": 9.071237564086914, "30": 10.032198905944824, "31": 12.781713485717773, "32": 2.9755122661590576, "33": 11.106462478637695, "34": 13.383879661560059, "35": 16.609739303588867, "36": 9.276094436645508, "37": 2.25331974029541, "38": 12.811195373535156, "39": 11.364797592163086, "40": 9.058524131774902, "41": 3.3497374057769775, "42": 6.208153247833252, "43": 0.06954634189605713, "45": 8.573542594909668, "-1": 8.723127365112305}