{"0": 2.445770740509033, "1": -1.1022236347198486, "2": 0.8615049123764038, "3": -9.090045928955078, "4": 0.5432925224304199, "5": -1.6041884422302246, "6": 4.822516918182373, "7": 0.7794120907783508, "8": 2.522038221359253, "9": -3.7620534896850586, "10": 2.3769330978393555, "11": 5.213934421539307, "12": -3.1929268836975098, "13": 2.884655475616455, "14": 0.9838265180587769, "15": -0.6380049586296082, "16": 0.7502427697181702, "17": 4.2250566482543945, "18": -1.5490577220916748, "19": 3.231250047683716, "20": 8.073211669921875, "21": 2.0076377391815186, "22": -1.3108692169189453, "23": -5.08195161819458, "24": -0.8810171484947205, "25": 4.3425703048706055, "26": 3.6131560802459717, "27": 2.407578229904175, "28": 2.8164706230163574, "30": 3.408118724822998, "33": 0.1687428504228592, "35": -3.729090929031372, "36": -1.8323514461517334, "38": -7.399109363555908, "39": -4.505771160125732, "-1": 0.821115255355835}