{"0": 2.981309413909912, "1": -0.5247550010681152, "2": -0.08082443475723267, "3": -0.8209676742553711, "4": 9.453660011291504, "5": 1.6691534519195557, "6": 4.597198963165283, "7": 1.7491261959075928, "8": 4.96498966217041, "9": 0.9975244998931885, "10": 4.570653915405273, "11": 4.779435157775879, "12": 5.539556503295898, "13": 4.869016170501709, "14": 4.712869644165039, "15": 0.5014656782150269, "16": 2.2906246185302734, "17": 4.136634349822998, "18": 6.419146537780762, "19": 5.466461181640625, "20": 4.251678466796875, "21": 2.0111494064331055, "22": 0.47254759073257446, "23": -5.120799541473389, "24": 11.61492919921875, "25": 2.5764472484588623, "26": 3.75192928314209, "27": 4.006942272186279, "28": 2.1262013912200928, "30": 3.787459373474121, "33": 3.124176263809204, "35": -0.7616997957229614, "36": 4.725342750549316, "38": 4.759157180786133, "39": 7.452261924743652, "-1": 3.8580493927001953}