{"0": -6.185155868530273, "1": -3.5855002403259277, "2": -6.055160045623779, "3": -4.700479984283447, "4": -2.6942477226257324, "5": -2.8205604553222656, "6": -3.747046947479248, "7": -2.173758029937744, "8": -2.2781035900115967, "9": -6.8975138664245605, "10": -5.6045989990234375, "11": -4.820645332336426, "12": 0.09955862164497375, "13": -5.592973232269287, "14": 0.4927704334259033, "15": 2.787837266921997, "16": -4.4101715087890625, "17": -0.1489580124616623, "18": -2.399998903274536, "19": -3.3492302894592285, "20": -3.2428138256073, "21": 1.0325062274932861, "22": -5.41032600402832, "23": -0.7275481224060059, "24": -4.264166355133057, "25": -3.4637467861175537, "26": -3.422027349472046, "27": 1.4740445613861084, "28": -2.033392906188965, "29": -4.294978141784668, "30": -3.9539589881896973, "31": -4.763367652893066, "32": 2.6141161918640137, "33": -0.5384140610694885, "34": -0.11484265327453613, "35": -3.818507194519043, "36": -0.8903070688247681, "37": -4.469139099121094, "38": -4.131909370422363, "39": -2.236621141433716, "40": -1.210261583328247, "41": 3.2428481578826904, "42": -0.2691347599029541, "43": -5.587976932525635, "44": -5.0937957763671875, "45": 2.5688085556030273, "46": 2.4513003826141357, "47": 1.2315974235534668, "48": 0.1648884415626526, "49": 1.9415174722671509, "50": 4.7300920486450195, "51": 3.514430284500122, "52": -7.577415943145752, "53": 1.4833569526672363, "54": 4.375776290893555, "55": -2.2865419387817383, "56": 2.7614240646362305, "57": 2.483933448791504, "58": 9.388209342956543, "59": 1.6056652069091797, "64": 5.296004295349121, "68": 5.072138786315918, "-1": -2.78144907951355}