{"0": 4.79978609085083, "1": 5.045091152191162, "2": 0.9809677600860596, "3": 3.196232318878174, "4": 4.677632808685303, "5": 3.7050628662109375, "6": 3.767650604248047, "7": 4.673152446746826, "8": 6.062376976013184, "9": 4.327186584472656, "10": 5.959105491638184, "11": 6.6096086502075195, "12": 9.330939292907715, "13": 2.3871896266937256, "14": 8.477149963378906, "15": 16.979217529296875, "16": 4.590062141418457, "17": 5.432884693145752, "18": 6.389457702636719, "19": 2.366344690322876, "20": 3.3192789554595947, "21": 7.6953229904174805, "22": 2.5548653602600098, "23": 10.24505615234375, "24": 3.9206128120422363, "25": 6.234706878662109, "26": 0.43039098381996155, "27": 4.849611282348633, "28": 6.671072006225586, "29": 1.700287103652954, "30": 1.6162751913070679, "31": 3.1671597957611084, "32": 6.842679500579834, "33": 8.552757263183594, "34": 9.72575569152832, "35": 7.526666164398193, "36": 5.696526050567627, "37": 4.03724479675293, "38": 3.3062965869903564, "39": 4.052189826965332, "40": 9.120177268981934, "41": 28.24037742614746, "42": 8.395698547363281, "43": 7.99304723739624, "44": 12.36276626586914, "45": 8.392486572265625, "46": 12.26713752746582, "47": 9.36076831817627, "48": 8.826431274414062, "49": 10.492916107177734, "50": 12.435348510742188, "51": 11.30483627319336, "52": 2.7003955841064453, "53": 8.33835220336914, "54": 18.901473999023438, "55": 5.702652931213379, "56": 12.719525337219238, "57": 7.132574558258057, "58": 4.508242607116699, "59": 14.939064025878906, "64": 15.926340103149414, "68": 7.558256149291992, "-1": 3.945840358734131}