{"0": 6.460526943206787, "1": 0.3934862017631531, "2": -0.877360463142395, "3": 5.483120441436768, "4": 4.329123497009277, "5": 4.271883964538574, "6": -0.10988590121269226, "7": 3.5964279174804688, "8": 3.9632644653320312, "9": 4.327613353729248, "10": 5.1576337814331055, "11": 4.510616779327393, "12": 4.481366157531738, "13": 4.555949687957764, "14": 4.331745624542236, "15": -1.491016149520874, "16": 3.7312252521514893, "17": 5.695688724517822, "18": 4.801477432250977, "19": 6.482122421264648, "20": 4.538270473480225, "21": 3.758061408996582, "22": 4.824976921081543, "23": 6.062385082244873, "24": 2.9192087650299072, "25": 3.8978147506713867, "26": 5.492944717407227, "27": 3.8097786903381348, "28": 5.124969959259033, "29": 7.543910980224609, "30": 5.097697734832764, "31": 9.25220775604248, "32": 3.902169942855835, "33": 9.533239364624023, "34": 5.478250503540039, "35": 5.432412147521973, "36": 3.8628056049346924, "37": 2.249704360961914, "38": 5.29056453704834, "39": 6.55503511428833, "40": 3.2788476943969727, "41": 2.7233309745788574, "42": 4.147497653961182, "43": 0.8956025838851929, "45": 4.187174320220947, "-1": 4.54250955581665}