{"0": -11.593666076660156, "1": -10.378307342529297, "2": -7.854720592498779, "3": 0.8034408092498779, "4": -11.573986053466797, "5": -1.0966688394546509, "6": -15.566061019897461, "7": -4.766666889190674, "8": -2.485518455505371, "9": -3.0419347286224365, "10": -1.512731671333313, "11": 1.594851016998291, "12": -2.9147238731384277, "13": -2.3327810764312744, "14": -2.4708950519561768, "15": -15.860886573791504, "16": -5.341036796569824, "17": -3.504328489303589, "18": -0.3677005171775818, "19": 2.801344633102417, "20": -1.4783812761306763, "21": -4.343517780303955, "22": -1.0076137781143188, "23": -8.984106063842773, "24": -5.810985565185547, "25": -2.7894279956817627, "26": -2.4881303310394287, "27": -4.2256340980529785, "28": -7.896337509155273, "29": -8.871256828308105, "30": -9.08108139038086, "31": -9.166709899902344, "32": -6.07034969329834, "33": -10.90625286102295, "34": 1.9131076335906982, "35": 2.123652219772339, "36": -10.923646926879883, "37": -5.470736980438232, "38": -3.5491793155670166, "39": -1.1016340255737305, "40": -4.02598762512207, "41": -1.7758021354675293, "42": -12.174667358398438, "43": -20.755525588989258, "45": -6.606414794921875, "-1": -1.228529691696167}